{
  "t2i_Qwen Qwen-Image": {
    "load_time_stat": {
      "sum": 1294.6271402835846,
      "sum_sqr": 331635.5915722726,
      "first_obs": 31.989132404327393,
      "min": 31.989132404327393,
      "max": 293.50269198417664,
      "current_count": 7,
      "current_obs": 251.53444623947144,
      "drop_obs": 0
    },
    "mem_stat": {
      "sum": -276073.2578125,
      "sum_sqr": 15037415734.763397,
      "first_obs": 111171.55859375,
      "min": 55538.77734375,
      "max": 111171.55859375,
      "current_count": 7,
      "current_obs": -55632.78125,
      "drop_obs": 0
    },
    "inference_stat": {
      "sum": -850.5604276657104,
      "sum_sqr": 69359.36474327797,
      "first_obs": 110.36234521865845,
      "min": 8.858357906341553,
      "max": 114.68399810791016,
      "current_count": 13,
      "current_obs": -63.49478244781494,
      "drop_obs": 0
    },
    "model_info": {}
  },
  "t2i_HiDream-ai HiDream-I1-Fast": {
    "load_time_stat": {
      "sum": 0.0,
      "sum_sqr": 0.0,
      "first_obs": 0.0,
      "min": Infinity,
      "max": -Infinity,
      "current_count": 0,
      "current_obs": 0.0,
      "drop_obs": 0
    },
    "mem_stat": {
      "sum": 0.0,
      "sum_sqr": 0.0,
      "first_obs": 0.0,
      "min": Infinity,
      "max": -Infinity,
      "current_count": 0,
      "current_obs": 0.0,
      "drop_obs": 0
    },
    "inference_stat": {
      "sum": 0.0,
      "sum_sqr": 0.0,
      "first_obs": 0.0,
      "min": Infinity,
      "max": -Infinity,
      "current_count": 0,
      "current_obs": 0.0,
      "drop_obs": 0
    },
    "model_info": {}
  },
  "t2i_lodestones Chroma1-Base": {
    "load_time_stat": {
      "sum": 8.03258490562439,
      "sum_sqr": 228.47891147218098,
      "first_obs": 19.234131574630737,
      "min": 12.531586408615112,
      "max": 29.80697727203369,
      "current_count": 6,
      "current_obs": -5.245508193969727,
      "drop_obs": 0
    },
    "mem_stat": {
      "sum": 8218.86328125,
      "sum_sqr": 49074462.990219116,
      "first_obs": 49268.06640625,
      "min": 49268.06640625,
      "max": 56227.85546875,
      "current_count": 6,
      "current_obs": 161.52734375,
      "drop_obs": 0
    },
    "inference_stat": {
      "sum": -264.2472195625305,
      "sum_sqr": 69826.59304652821,
      "first_obs": 556.0041949748993,
      "min": 291.7569754123688,
      "max": 556.0041949748993,
      "current_count": 2,
      "current_obs": -264.2472195625305,
      "drop_obs": 0
    },
    "model_info": {}
  },
  "t2i_purplesmartai pony-v7-base": {
    "load_time_stat": {
      "sum": -158.64765739440918,
      "sum_sqr": 25169.079196733834,
      "first_obs": 168.5304675102234,
      "min": 9.882810115814209,
      "max": 168.5304675102234,
      "current_count": 2,
      "current_obs": -158.64765739440918,
      "drop_obs": 0
    },
    "mem_stat": {
      "sum": -15780.4453125,
      "sum_sqr": 249022454.26080322,
      "first_obs": 33256.55859375,
      "min": 17476.11328125,
      "max": 33256.55859375,
      "current_count": 2,
      "current_obs": -15780.4453125,
      "drop_obs": 0
    },
    "inference_stat": {
      "sum": -205.74248957633972,
      "sum_sqr": 42329.97201707026,
      "first_obs": 280.68561482429504,
      "min": 74.94312524795532,
      "max": 280.68561482429504,
      "current_count": 2,
      "current_obs": -205.74248957633972,
      "drop_obs": 0
    },
    "model_info": {}
  },
  "t2i_black-forest-labs FLUX.1-dev": {
    "load_time_stat": {
      "sum": 0.0,
      "sum_sqr": 0.0,
      "first_obs": 15.676977396011353,
      "min": 15.676977396011353,
      "max": 15.676977396011353,
      "current_count": 1,
      "current_obs": 0.0,
      "drop_obs": 0
    },
    "mem_stat": {
      "sum": 0.0,
      "sum_sqr": 0.0,
      "first_obs": 67020.08203125,
      "min": 67020.08203125,
      "max": 67020.08203125,
      "current_count": 1,
      "current_obs": 0.0,
      "drop_obs": 0
    },
    "inference_stat": {
      "sum": 0.9147055149078369,
      "sum_sqr": 0.8366861790028111,
      "first_obs": 270.473308801651,
      "min": 270.473308801651,
      "max": 271.38801431655884,
      "current_count": 2,
      "current_obs": 0.9147055149078369,
      "drop_obs": 0
    },
    "model_info": {}
  },
  "t2t_llama.cpp/Scout": {
    "load_time_stat": {
      "sum": 5.344441890716553,
      "sum_sqr": 14.302386595028906,
      "first_obs": 3.1043622493743896,
      "min": 3.1022732257843018,
      "max": 5.784691333770752,
      "current_count": 5,
      "current_obs": 2.6679983139038086,
      "drop_obs": 0
    },
    "mem_stat": {
      "sum": 6223.55859375,
      "sum_sqr": 20379440.353134155,
      "first_obs": 6588.83203125,
      "min": 6574.5234375,
      "max": 10386.0703125,
      "current_count": 5,
      "current_obs": 3797.23828125,
      "drop_obs": 0
    },
    "inference_stat": {
      "sum": -6.42872953414917,
      "sum_sqr": 24.357638317433043,
      "first_obs": 9.30055832862854,
      "min": 5.8014068603515625,
      "max": 9.813440084457397,
      "current_count": 4,
      "current_obs": -3.4991514682769775,
      "drop_obs": 0
    },
    "model_info": {
      "name": "llama.cpp/Scout"
    }
  },
  "t2t_llama.cpp Scout": {
    "load_time_stat": {
      "sum": 4.995751142501831,
      "sum_sqr": 120.62514713535091,
      "first_obs": 5.777076721191406,
      "min": 0.0026772022247314453,
      "max": 15.071542263031006,
      "current_count": 7,
      "current_obs": 0.8352882862091064,
      "drop_obs": 0
    },
    "mem_stat": {
      "sum": -10783.3125,
      "sum_sqr": 109361691.11056519,
      "first_obs": 10394.609375,
      "min": 0.0,
      "max": 11085.09765625,
      "current_count": 7,
      "current_obs": -38.6953125,
      "drop_obs": 0
    },
    "inference_stat": {
      "sum": -128.4103434085846,
      "sum_sqr": 5464.923252182083,
      "first_obs": 44.956559896469116,
      "min": 0.6067078113555908,
      "max": 44.956559896469116,
      "current_count": 5,
      "current_obs": -44.30437350273132,
      "drop_obs": 0
    },
    "model_info": {
      "name": "llama.cpp/Scout"
    }
  },
  "s2t": {
    "load_time_stat": {
      "sum": 0.13323426246643066,
      "sum_sqr": 0.017751368694973735,
      "first_obs": 17.52490735054016,
      "min": 17.52490735054016,
      "max": 17.658141613006592,
      "current_count": 2,
      "current_obs": 0.13323426246643066,
      "drop_obs": 0
    },
    "mem_stat": {
      "sum": -869.45703125,
      "sum_sqr": 755955.5291900635,
      "first_obs": 4241.1328125,
      "min": 3371.67578125,
      "max": 4241.1328125,
      "current_count": 2,
      "current_obs": -869.45703125,
      "drop_obs": 0
    },
    "inference_stat": {
      "sum": -0.0895240306854248,
      "sum_sqr": 0.008014552070164882,
      "first_obs": 1.334101915359497,
      "min": 1.2445778846740723,
      "max": 1.334101915359497,
      "current_count": 2,
      "current_obs": -0.0895240306854248,
      "drop_obs": 0
    },
    "model_info": {}
  },
  "t2s": {
    "load_time_stat": {
      "sum": 0.0,
      "sum_sqr": 0.0,
      "first_obs": 4.4558141231536865,
      "min": 4.4558141231536865,
      "max": 4.4558141231536865,
      "current_count": 1,
      "current_obs": 0.0,
      "drop_obs": 0
    },
    "mem_stat": {
      "sum": 0.0,
      "sum_sqr": 0.0,
      "first_obs": 214.15234375,
      "min": 214.15234375,
      "max": 214.15234375,
      "current_count": 1,
      "current_obs": 0.0,
      "drop_obs": 0
    },
    "inference_stat": {
      "sum": 0.0,
      "sum_sqr": 0.0,
      "first_obs": 0.5783393383026123,
      "min": 0.5783393383026123,
      "max": 0.5783393383026123,
      "current_count": 1,
      "current_obs": 0.0,
      "drop_obs": 0
    },
    "model_info": {}
  }
}